{
  "UiPath.UIAutomationNext.Activities.Generic.DelayAfter": "0.3",
  "UiPath.UIAutomationNext.Activities.Generic.DelayBefore": "0.2",
  "UiPath.UIAutomationNext.Activities.Generic.Timeout": "30",
  "UiPath.UIAutomationNext.Activities.SearchSteps.Selectors": "True",
  "UiPath.UIAutomationNext.Activities.SearchSteps.Image": "True",
  "UiPath.UIAutomationNext.Activities.SearchSteps.Text": "True",
  "UiPath.UIAutomationNext.Activities.ApplicationCard.CloseMode": "Never",
  "UiPath.UIAutomationNext.Activities.ApplicationCard.OpenMode": "IfNotOpen",
  "UiPath.UIAutomationNext.Activities.CheckState.CheckStateTimeout": "10",
  "UiPath.UIAutomationNext.Activities.DataScrape.DelayBetweenPages": "1.5",
  "UiPath.UIAutomationNext.Activities.Highlight.HighlightTime": "2",
  "UiPath.UIAutomationNext.Activities.Hover.HoverTime": "1",
  "UiPath.UIAutomationNext.Activities.KeyboardEvents.ClickBeforeMode": "Single",
  "UiPath.UIAutomationNext.Activities.KeyboardEvents.DelayBetweenKeys": "0.02",
  "UiPath.UIAutomationNext.Activities.KeyboardEvents.DelayBetweenShortcuts": "0.5",
  "UiPath.UIAutomationNext.Activities.KeyboardEvents.EmptyFieldMode": "SingleLine"
}